Date,Open,High,Low,Close,Volume,Adj Close
"Nov 18, 2013","15,962.72","16,030.28","15,942.17","15,976.02","948,600","15,976.02"
"Nov 15, 2013","15,876.16","15,962.98","15,875.90","15,961.70","1,264,600","15,961.70"
"Nov 14, 2013","15,806.22","15,884.99","15,798.74","15,876.22","1,238,600","15,876.22"
"Nov 13, 2013","15,739.50","15,822.98","15,672.00","15,821.63","924,500","15,821.63"
"Nov 12, 2013","15,773.15","15,793.38","15,708.29","15,750.67","792,600","15,750.67"
"Nov 11, 2013","15,759.28","15,791.45","15,737.22","15,783.10","588,600","15,783.10"
"Nov 8, 2013","15,591.54","15,764.29","15,579.35","15,761.78","1,012,000","15,761.78"
"Nov 7, 2013","15,751.31","15,797.68","15,586.33","15,593.98","1,038,600","15,593.98"
"Nov 6, 2013","15,628.72","15,750.29","15,628.72","15,746.88","1,092,000","15,746.88"
"Nov 5, 2013","15,631.22","15,651.89","15,522.18","15,618.22","918,900","15,618.22"
"Nov 4, 2013","15,621.20","15,658.90","15,588.48","15,639.12","712,000","15,639.12"
"Nov 1, 2013","15,558.01","15,649.40","15,543.25","15,615.55","1,018,300","15,615.55"
"Oct 31, 2013","15,619.92","15,651.86","15,544.69","15,545.75","1,140,500","15,545.75"
"Oct 30, 2013","15,680.70","15,721.00","15,574.50","15,618.80","791,700","15,618.80"
"Oct 29, 2013","15,572.20","15,683.10","15,572.20","15,680.40","866,000","15,680.40"
"Oct 28, 2013","15,569.20","15,599.10","15,533.50","15,568.90","927,600","15,568.90"
"Oct 25, 2013","15,523.70","15,570.60","15,513.00","15,570.30","1,099,000","15,570.30"
"Oct 24, 2013","15,414.90","15,528.60","15,414.10","15,509.20","892,400","15,509.20"
"Oct 23, 2013","15,465.30","15,465.70","15,366.20","15,413.30","906,300","15,413.30"
"Oct 22, 2013","15,394.20","15,518.10","15,394.20","15,467.70","1,070,300","15,467.70"
"Oct 21, 2013","15,401.30","15,410.20","15,362.70","15,392.20","936,600","15,392.20"
"Oct 18, 2013","15,371.70","15,413.00","15,321.80","15,399.70","1,566,600","15,399.70"
"Oct 17, 2013","15,369.50","15,376.10","15,229.00","15,371.70","1,084,900","15,371.70"
"Oct 16, 2013","15,170.70","15,374.20","15,170.70","15,373.80","928,500","15,373.80"
"Oct 15, 2013","15,300.30","15,301.90","15,161.30","15,168.00","914,400","15,168.00"
"Oct 14, 2013","15,231.30","15,309.50","15,136.40","15,301.30","814,200","15,301.30"
"Oct 11, 2013","15,126.50","15,237.30","15,100.10","15,237.10","857,300","15,237.10"
"Oct 10, 2013","14,806.40","15,126.10","14,806.40","15,126.10","1,065,400","15,126.10"
"Oct 9, 2013","14,778.20","14,852.50","14,719.40","14,803.00","1,031,900","14,803.00"
"Oct 8, 2013","14,938.00","14,938.00","14,773.50","14,776.50","1,026,900","14,776.50"
"Oct 7, 2013","15,069.30","15,069.30","14,920.80","14,936.20","796,200","14,936.20"
"Oct 4, 2013","14,994.70","15,084.00","14,972.30","15,072.60","751,000","15,072.60"
"Oct 3, 2013","15,127.20","15,127.20","14,947.00","14,996.50","913,000","14,996.50"
"Oct 2, 2013","15,182.70","15,182.70","15,044.70","15,133.10","860,900","15,133.10"
"Oct 1, 2013","15,132.50","15,208.40","15,110.30","15,191.70","824,600","15,191.70"
"Sep 30, 2013","15,249.80","15,249.80","15,086.70","15,129.70","1,223,300","15,129.70"
"Sep 27, 2013","15,317.50","15,317.50","15,211.80","15,258.20","956,600","15,258.20"
"Sep 26, 2013","15,274.40","15,387.20","15,274.40","15,328.30","790,500","15,328.30"
"Sep 25, 2013","15,339.00","15,372.50","15,253.20","15,273.30","818,900","15,273.30"
"Sep 24, 2013","15,402.50","15,433.80","15,327.10","15,334.60","854,300","15,334.60"
"Sep 23, 2013","15,452.30","15,467.00","15,368.30","15,401.40","949,200","15,401.40"
"Sep 20, 2013","15,635.10","15,654.80","15,448.10","15,451.10","3,796,500","15,451.10"
"Sep 19, 2013","15,677.90","15,695.90","15,625.50","15,636.60","1,162,800","15,636.60"
"Sep 18, 2013","15,533.00","15,709.60","15,470.20","15,676.90","1,454,100","15,676.90"
"Sep 17, 2013","15,503.20","15,555.10","15,503.20","15,529.70","1,044,800","15,529.70"
"Sep 16, 2013","15,381.40","15,549.90","15,381.40","15,494.80","1,057,400","15,494.80"
"Sep 13, 2013","15,312.90","15,381.00","15,312.90","15,376.10","908,900","15,376.10"
"Sep 12, 2013","15,327.10","15,345.30","15,283.30","15,300.60","997,600","15,300.60"
"Sep 11, 2013","15,194.10","15,326.60","15,194.10","15,326.60","1,020,900","15,326.60"
"Sep 10, 2013","15,067.20","15,192.10","15,067.20","15,191.10","1,032,000","15,191.10"
"Sep 9, 2013","14,927.20","15,088.40","14,927.20","15,063.10","906,600","15,063.10"
"Sep 6, 2013","14,941.60","15,009.80","14,789.40","14,922.50","1,084,100","14,922.50"
"Sep 5, 2013","14,929.50","14,987.50","14,923.30","14,937.50","1,010,100","14,937.50"
"Sep 4, 2013","14,832.40","14,956.70","14,799.10","14,930.90","1,221,500","14,930.90"
"Sep 3, 2013","14,801.60","14,933.40","14,777.50","14,834.00","1,425,300","14,834.00"
"Aug 30, 2013","14,844.10","14,848.20","14,762.40","14,810.30","1,358,500","14,810.30"
"Aug 29, 2013","14,817.90","14,916.00","14,792.10","14,841.00","931,700","14,841.00"
"Aug 28, 2013","14,771.00","14,867.40","14,760.40","14,824.50","1,046,200","14,824.50"
"Aug 27, 2013","14,939.30","14,939.30","14,765.40","14,776.10","1,186,100","14,776.10"
"Aug 26, 2013","15,014.60","15,050.00","14,945.20","14,946.50","1,028,200","14,946.50"
"Aug 23, 2013","14,988.80","15,025.60","14,931.20","15,010.50","1,318,600","15,010.50"
"Aug 22, 2013","14,908.60","14,989.10","14,899.00","14,963.70","1,534,900","14,963.70"
"Aug 21, 2013","14,993.80","15,019.70","14,880.80","14,897.60","983,400","14,897.60"
"Aug 20, 2013","15,011.80","15,074.90","14,992.20","15,003.00","1,023,400","15,003.00"
